Referring page title,Referring page URL,Language,Platform,Referring page HTTP code,Domain rating,UR,Domain traffic,Referring domains,Linked domains,External links,Page traffic,Keywords,Target URL,Left context,Anchor,Right context,Redirect Chain URLs,Redirect Chain status codes,Type,Is spam,Content,Nofollow,UGC,Sponsored,Rendered,Raw,Lost status,Drop reason,Discovered status,First seen,Last seen,Lost,Author,Page type,Page category,Links in group
Same Day Flower Delivery Malaysia | #1 Best Florist KL,https://www.flowerchimp.com/,en,ecommerce,200,58,22,75225,470,14,14,14858,337,https://www.bloomeroo.com.au/,,Ship to AU,,,,image,false,false,false,false,false,false,true,,,linkrestored,2022-06-12 21:57:37,2026-04-28 05:49:24,,Flower Chimp,Listing collection > Product,Shopping > Special event items > Flowers; Home > Decor,332
20+ Birthday Message for Boyfriend,https://www.flowerchimp.com.ph/blogs/guide/birthday-message-for-boyfriend,en,,200,39,4.5,50958,567,13,14,7307,467,https://www.bloomeroo.com.au/,,Ship to AU,,,,image,false,false,false,false,false,false,true,,,pagefound,2023-12-05 09:17:02,2026-04-16 11:26:45,,Flower Chimp Philippines,Article > Listicle,Society > Relationships > Romance,294
12+ Best Birthday Gift Ideas in Indonesia,https://www.flowerchimp.co.id/blogs/guide/birthday-gift-ideas,en,,200,33,4.9,12229,0,11,12,7065,16,https://www.bloomeroo.com.au/,,Ship to AU,,,,image,false,false,false,false,false,false,true,,,pagefound,2024-01-16 11:14:10,2026-04-13 18:34:31,,Flower Chimp Indonesia,,,133
Same-Day Flower Delivery Singapore | Top Rated Florist,https://www.flowerchimp.sg/,en,,200,40,34,15300,301,10,10,3771,159,https://www.bloomeroo.com.au/,,Ship to AU,,,,image,false,false,false,false,false,false,true,,,linkrestored,2021-08-12 03:44:56,2026-04-16 09:09:48,,,Listing collection > Product,Shopping > Special event items > Flowers; Home > Decor,141
Flower Delivery Hong Kong | Best Rated Florist,https://www.flowerchimp.com.hk/,en,,200,33,22,7518,154,13,14,1628,66,https://www.bloomeroo.com.au/,,Ship to AU,,,,image,false,false,false,false,false,false,true,,,linkrestored,2022-07-25 21:42:14,2026-04-16 10:04:32,,Flower Chimp Hong Kong,Listing collection > Product,Shopping > Special event items > Flowers; Home > Decor,113
Here are the Best Flower Delivery Services in Sydney for 2026,https://www.timeout.com/sydney/shopping/flower-delivery-services-in-sydney,en,,200,90,7,2280390,4,20,31,46,3,https://www.bloomeroo.com.au/collections/flower-delivery-sydney,,Bloomeroo,,,,text,false,true,false,false,false,true,true,,,linkrestored,2022-08-31 14:12:32,2026-04-24 08:43:41,,,Listing collection > Service,Home > Garden > Gardening; Shopping > Special event items > Flowers,1
Bloomeroo Discount Codes - 20% Off Coupon April 2026,https://www.dontpayfull.com/at/bloomeroo.com.au,en,,200,74,6,51715,0,7,9,19,3,https://www.bloomeroo.com.au/,,bloomeroo.com.au,,,,text,false,false,true,false,false,false,true,,,linkfound,2025-12-09 11:43:20,2026-04-23 23:36:49,,,,,1
Flower Of The Month January - Carnations,https://www.flowerchimp.com.ph/blogs/guide/flower-of-the-month-january-carnations,en,,200,39,4.4,50958,0,13,17,16,2,https://www.bloomeroo.com.au/collections/flower-delivery-brisbane,,Brisbane,with same-day delivery today.,,,text,false,false,false,false,false,false,true,,,linkrestored,2024-01-19 23:39:44,2026-04-15 06:27:19,,Flower Chimp Philippines,,,2
Flower Of The Month January - Carnations,https://www.flowerchimp.com.ph/blogs/guide/flower-of-the-month-january-carnations,en,,200,39,4.4,50958,0,13,17,16,2,https://www.bloomeroo.com.au/collections/flower-delivery-perth,on to Bloomeroo. You'll find the finest selection of fresh,flowers in Perth,or in,,,text,false,false,false,false,false,false,true,,,linkrestored,2024-01-19 23:39:44,2026-04-15 06:27:19,,Flower Chimp Philippines,,,2
The 10 Best Same-Day Flower Deliveries Australia,https://www.timeout.com/australia/shopping/best-online-flower-deliveries-in-australia,en,,200,90,6,2280390,0,7,13,11,4,https://www.bloomeroo.com.au/,,Order online,,,,text,false,false,true,false,false,false,true,,,linkrestored,2025-01-15 04:33:35,2026-04-24 12:57:52,,,,,1
Luxurious Same Day Gift Deliveries in Sydney | ellaslist,https://www.ellaslist.com.au/articles/the-best-same-day-gift-delivery-sydney,en,,200,52,4.5,21307,0,16,21,9,4,https://www.bloomeroo.com.au/collections/flower-delivery-sydney,"a fresh collection of seasonal blooms, classic beauties and unique natives,",Bloomeroo,"delivers exquisite floral arrangements, crafted by expert florists, sent straight to the",,,text,false,true,false,false,false,false,true,,,linkfound,2023-04-02 08:40:12,2026-04-27 14:06:48,,,,,1
Bonus Points Earn Finder Tool - Point Hacks,https://www.pointhacks.com.au/tools-calculators/points-earn-finder/,en,wordpress,200,51,7,159073,1,577,816,1,1,https://www.bloomeroo.com.au/,,Bloomeroo,,,,text,false,true,false,false,false,false,true,,,linkrestored,2023-01-06 06:46:25,2026-04-26 14:43:14,,,Tool > Calculator,Finance > Lending > Credit cards,1
9 Best Flower Delivery Services In Australia 2025,https://www.homebeautiful.com.au/lifestyle/best-flower-delivery-australia/,en,wordpress,403,65,4.5,38175,3,36,50,1,1,https://www.bloomeroo.com.au/,,Bloomeroo flower delivery service in Australia,,,,image,false,true,false,false,false,false,true,pageerror,,pagefound,2026-02-08 01:04:10,2026-02-08 01:04:10,2026-04-19 15:17:00,,,,1
Bloomeroo with same day flower delivery in Australia - onlyAUSTRALIA & NZ,https://www.onlyaustralia.com.au/australia/bloomeroo,en,wordpress,200,7,4.4,14,0,12,23,1,3,https://www.bloomeroo.com.au/,,www.bloomeroo.com.au,,,,text,false,true,true,false,false,false,true,,,pagefound,2023-03-17 19:23:09,2026-04-27 01:45:15,,,,,1
